{
    "fx": 1669.422467,
    "fy": 1669.422467,
    "cx": 640,
    "cy": 400,
    "znear": 0.3,
    "zfar": 1000.0,
    "proWidth": 1280.0,
    "proHeight": 800.0
}